0.04,-0.028000000000000004,0.8390000000000001
0.037,-0.028999999999999998,0.845
0.048,-0.034,0.836
0.034,-0.038,0.841
0.040999999999999995,-0.038,0.852
0.052000000000000005,-0.024,0.8400000000000001
0.043,-0.028000000000000004,0.842
0.044,-0.031,0.8400000000000001
0.047,-0.028999999999999998,0.8480000000000001
0.05600000000000001,-0.025,0.836
0.05,-0.034,0.834
0.04,-0.027000000000000003,0.841
0.043,-0.034,0.8470000000000001
0.044,-0.026000000000000002,0.85
0.043,-0.03,0.8380000000000001
0.038,-0.026000000000000002,0.8539999999999999
0.059,-0.024,0.825
0.048,-0.037,0.836
0.05,-0.036,0.842
0.051000000000000004,-0.039,0.834
0.051000000000000004,-0.039,0.834
0.06,-0.034999999999999996,0.8460000000000001
0.044,-0.037,0.8460000000000001
0.06,-0.037,0.8310000000000001
0.057999999999999996,-0.031,0.835
0.05600000000000001,-0.031,0.836
0.056999999999999995,-0.034,0.843
0.047,-0.034999999999999996,0.8380000000000001
0.05500000000000001,-0.034999999999999996,0.8380000000000001
0.037,-0.032,0.8470000000000001
0.046,-0.037,0.833
0.045,-0.032,0.841
0.052000000000000005,-0.034,0.8400000000000001
0.05600000000000001,-0.026000000000000002,0.835
0.041999999999999996,-0.036,0.8380000000000001
0.036,-0.033,0.843
0.048,-0.03,0.837
0.053000000000000005,-0.034,0.841
0.043,-0.03,0.8460000000000001
0.053000000000000005,-0.036,0.844
0.05500000000000001,-0.043,0.8320000000000001
0.063,-0.044,0.842
0.051000000000000004,-0.032,0.849
0.05600000000000001,-0.032,0.834
0.056999999999999995,-0.026000000000000002,0.8310000000000001
0.04,-0.028000000000000004,0.845
0.06,-0.031,0.829
0.054000000000000006,-0.043,0.841
0.047,-0.036,0.8310000000000001
0.049,-0.034,0.833
0.061,-0.037,0.8380000000000001
0.05,-0.034,0.845
0.04,-0.032,0.843
0.041999999999999996,-0.04,0.845
0.045,-0.032,0.8300000000000001
0.045,-0.045,0.842
0.048,-0.028000000000000004,0.843
0.064,-0.040999999999999995,0.834
0.062,-0.031,0.8320000000000001
0.034,-0.031,0.8470000000000001
0.040999999999999995,-0.041999999999999996,0.843
0.04,-0.033,0.849
0.036,-0.034999999999999996,0.843
0.039,-0.03,0.842
0.045,-0.036,0.845
0.046,-0.039,0.841
0.047,-0.034999999999999996,0.845
0.039,-0.03,0.849
0.048,-0.034,0.843
0.04,-0.028000000000000004,0.8460000000000001
0.048,-0.034999999999999996,0.833
0.05,-0.039,0.8400000000000001
0.051000000000000004,-0.048,0.837
0.040999999999999995,-0.037,0.844
0.048,-0.040999999999999995,0.8460000000000001
0.022,-0.033,0.86
0.048,-0.05,0.836
0.037,-0.031,0.851
0.031,-0.037,0.8470000000000001
0.037,-0.04,0.8390000000000001
0.040999999999999995,-0.034,0.851
0.037,-0.039,0.8400000000000001
0.027000000000000003,-0.041999999999999996,0.852
0.041999999999999996,-0.043,0.8400000000000001
0.034999999999999996,-0.034,0.841
0.034999999999999996,-0.037,0.842
0.04,-0.027000000000000003,0.843
0.049,-0.04,0.834
0.04,-0.038,0.8460000000000001
0.052000000000000005,-0.033,0.829
0.04,-0.041999999999999996,0.8400000000000001
0.041999999999999996,-0.03,0.8460000000000001
0.038,-0.040999999999999995,0.843
0.03,-0.033,0.844
0.047,-0.046,0.842
0.040999999999999995,-0.036,0.8470000000000001
0.043,-0.039,0.8390000000000001
0.034,-0.040999999999999995,0.844
0.04,-0.038,0.8380000000000001
0.034999999999999996,-0.044,0.841
0.036,-0.036,0.8470000000000001
0.036,-0.034,0.835
0.040999999999999995,-0.045,0.8380000000000001
0.036,-0.028000000000000004,0.843
0.024,-0.040999999999999995,0.844
0.041999999999999996,-0.041999999999999996,0.842
0.034999999999999996,-0.04,0.8460000000000001
0.031,-0.041999999999999996,0.842
0.036,-0.033,0.836
0.051000000000000004,-0.040999999999999995,0.8400000000000001
0.049,-0.026000000000000002,0.8400000000000001
0.046,-0.040999999999999995,0.837
0.041999999999999996,-0.028999999999999998,0.844
0.04,-0.045,0.8470000000000001
0.037,-0.022,0.853
0.040999999999999995,-0.04,0.835
0.043,-0.04,0.844
0.04,-0.040999999999999995,0.842
0.043,-0.028000000000000004,0.837
0.041999999999999996,-0.045,0.844
0.039,-0.043,0.835
0.04,-0.044,0.842
0.04,-0.037,0.849
0.040999999999999995,-0.038,0.852
0.033,-0.03,0.841
0.037,-0.04,0.837
0.033,-0.036,0.844
0.043,-0.037,0.8390000000000001
0.041999999999999996,-0.04,0.842
0.039,-0.033,0.8380000000000001
0.033,-0.041999999999999996,0.845
0.043,-0.031,0.843
0.025,-0.031,0.845
0.034999999999999996,-0.043,0.833
0.031,-0.041999999999999996,0.844
0.037,-0.036,0.842
0.033,-0.036,0.8550000000000001
0.039,-0.044,0.845
0.03,-0.028000000000000004,0.844
0.022,-0.034,0.8390000000000001
0.026000000000000002,-0.039,0.844
0.032,-0.038,0.845
0.04,-0.034,0.842
0.046,-0.039,0.835
0.040999999999999995,-0.037,0.8400000000000001
0.033,-0.034,0.8470000000000001
0.040999999999999995,-0.04,0.835
0.03,-0.028999999999999998,0.8400000000000001
0.034,-0.033,0.8470000000000001
0.04,-0.036,0.844
0.04,-0.033,0.836
0.036,-0.046,0.843
0.032,-0.033,0.841
0.044,-0.043,0.843
0.038,-0.038,0.8400000000000001
0.034999999999999996,-0.033,0.8460000000000001
0.034999999999999996,-0.032,0.845
0.041999999999999996,-0.04,0.835
0.026000000000000002,-0.032,0.853
0.034,-0.037,0.8400000000000001
0.039,-0.047,0.835
0.025,-0.04,0.844
0.038,-0.043,0.8400000000000001
0.034999999999999996,-0.037,0.836
0.03,-0.04,0.8480000000000001
0.036,-0.04,0.8460000000000001
0.038,-0.044,0.8470000000000001
0.040999999999999995,-0.039,0.845
0.031,-0.041999999999999996,0.836
0.036,-0.036,0.844
0.038,-0.04,0.843
0.038,-0.036,0.837
0.037,-0.045,0.841
0.03,-0.037,0.843
0.047,-0.036,0.836
0.040999999999999995,-0.041999999999999996,0.807
0.033,-0.041999999999999996,0.8470000000000001
0.038,-0.039,0.844
0.05500000000000001,-0.038,0.8310000000000001
0.027000000000000003,-0.040999999999999995,0.845
0.037,-0.037,0.8390000000000001
0.037,-0.034999999999999996,0.836
0.045,-0.037,0.833
0.033,-0.047,0.843
0.033,-0.041999999999999996,0.8380000000000001
0.032,-0.048,0.8480000000000001
0.048,-0.037,0.827
0.044,-0.045,0.835
0.036,-0.04,0.843
0.04,-0.032,0.845
0.039,-0.047,0.835
0.024,-0.03,0.841
0.034,-0.040999999999999995,0.843
0.039,-0.045,0.842
0.041999999999999996,-0.031,0.834
0.03,-0.046,0.8400000000000001
0.028000000000000004,-0.038,0.849
0.043,-0.051000000000000004,0.835
0.032,-0.045,0.837
0.036,-0.044,0.8470000000000001
0.028000000000000004,-0.033,0.843
0.046,-0.039,0.845
0.032,-0.044,0.8460000000000001
0.05,-0.037,0.8230000000000001
0.04,-0.04,0.85
0.034,-0.034999999999999996,0.844
0.044,-0.053000000000000005,0.8400000000000001
0.040999999999999995,-0.034,0.8400000000000001
0.033,-0.048,0.8390000000000001
0.028999999999999998,-0.038,0.845
0.033,-0.034,0.8390000000000001
0.031,-0.043,0.845
0.032,-0.048,0.837
0.043,-0.047,0.8310000000000001
0.034,-0.044,0.841
0.027000000000000003,-0.038,0.836
0.023,-0.036,0.837
0.039,-0.043,0.842
0.03,-0.043,0.849
0.036,-0.048,0.836
0.033,-0.038,0.844
0.043,-0.044,0.844
0.026000000000000002,-0.037,0.849
0.019,-0.038,0.851
0.047,-0.034999999999999996,0.835
0.033,-0.04,0.85
0.025,-0.039,0.8460000000000001
0.039,-0.046,0.843
0.036,-0.052000000000000005,0.8380000000000001
0.041999999999999996,-0.04,0.834
0.041999999999999996,-0.046,0.8390000000000001
0.023,-0.04,0.8380000000000001
0.036,-0.038,0.841
0.028999999999999998,-0.047,0.851
0.022,-0.041999999999999996,0.845
0.034,-0.041999999999999996,0.842
0.03,-0.043,0.845
0.025,-0.043,0.842
0.037,-0.046,0.844
0.026000000000000002,-0.037,0.836
0.028999999999999998,-0.039,0.843
0.04,-0.040999999999999995,0.841
0.043,-0.047,0.849
0.034,-0.045,0.844
0.037,-0.040999999999999995,0.845
0.038,-0.052000000000000005,0.833
0.028000000000000004,-0.04,0.843
0.025,-0.045,0.842
0.027000000000000003,-0.040999999999999995,0.8470000000000001
0.033,-0.045,0.8380000000000001
0.036,-0.04,0.841
0.024,-0.046,0.842
0.028999999999999998,-0.040999999999999995,0.8470000000000001
0.031,-0.041999999999999996,0.845
0.023,-0.046,0.842
0.028999999999999998,-0.041999999999999996,0.8320000000000001
0.031,-0.045,0.8320000000000001
0.028999999999999998,-0.04,0.8460000000000001
0.034999999999999996,-0.04,0.8460000000000001
0.034,-0.044,0.842
0.034999999999999996,-0.049,0.842
0.018,-0.04,0.853
0.043,-0.051000000000000004,0.833
0.038,-0.034999999999999996,0.843
0.022,-0.045,0.845
0.028000000000000004,-0.041999999999999996,0.8380000000000001
0.025,-0.05,0.85
0.024,-0.045,0.849
0.034999999999999996,-0.04,0.844
0.034999999999999996,-0.040999999999999995,0.8400000000000001
0.023,-0.037,0.843
0.020999999999999998,-0.049,0.833
0.028000000000000004,-0.041999999999999996,0.836
0.039,-0.047,0.8400000000000001
0.037,-0.046,0.837
0.034999999999999996,-0.045,0.8390000000000001
0.026000000000000002,-0.041999999999999996,0.8380000000000001
0.014000000000000002,-0.044,0.849
0.024,-0.054000000000000006,0.852
0.025,-0.038,0.843
0.039,-0.045,0.8380000000000001
0.031,-0.048,0.841
0.037,-0.052000000000000005,0.834
0.028000000000000004,-0.045,0.844
0.039,-0.046,0.837
0.028999999999999998,-0.047,0.841
0.026000000000000002,-0.043,0.8400000000000001
0.031,-0.041999999999999996,0.828
0.04,-0.047,0.837
0.034999999999999996,-0.048,0.835
0.026000000000000002,-0.044,0.842
0.027000000000000003,-0.051000000000000004,0.8480000000000001
0.014000000000000002,-0.043,0.8460000000000001
0.039,-0.046,0.841
0.026000000000000002,-0.043,0.8460000000000001
0.034999999999999996,-0.049,0.8470000000000001
0.007000000000000001,-0.043,0.8460000000000001
0.034999999999999996,-0.044,0.834
0.024,-0.040999999999999995,0.8380000000000001
0.037,-0.052000000000000005,0.8310000000000001
1.004,0.028999999999999998,-0.199
1.0,0.028000000000000004,-0.196
0.9970000000000001,0.027000000000000003,-0.19
1.0,0.024,-0.197
1.003,0.022,-0.182
1.0070000000000001,0.027000000000000003,-0.193
0.999,0.024,-0.199
1.004,0.027000000000000003,-0.194
1.004,0.026000000000000002,-0.199
1.008,0.026000000000000002,-0.20099999999999998
1.008,0.026000000000000002,-0.198
1.004,0.027000000000000003,-0.192
1.003,0.028000000000000004,-0.193
1.002,0.027000000000000003,-0.19
1.0050000000000001,0.020999999999999998,-0.185
1.009,0.027000000000000003,-0.19
1.004,0.032,-0.195
1.002,0.024,-0.189
1.003,0.03,-0.189
1.002,0.025,-0.19
0.998,0.019,-0.20400000000000001
1.0070000000000001,0.026000000000000002,-0.193
1.003,0.025,-0.197
1.006,0.025,-0.191
1.0050000000000001,0.024,-0.20400000000000001
1.009,0.028999999999999998,-0.188
1.003,0.03,-0.182
1.006,0.028000000000000004,-0.195
0.999,0.02,-0.194
1.004,0.027000000000000003,-0.192
1.006,0.028000000000000004,-0.202
1.0,0.026000000000000002,-0.194
1.0050000000000001,0.032,-0.198
1.0070000000000001,0.03,-0.19
1.0050000000000001,0.02,-0.193
1.001,0.028000000000000004,-0.193
1.002,0.028000000000000004,-0.199
1.004,0.027000000000000003,-0.197
1.006,0.028999999999999998,-0.195
1.0070000000000001,0.032,-0.194
1.0050000000000001,0.028000000000000004,-0.199
1.0,0.028000000000000004,-0.2
1.0050000000000001,0.025,-0.196
1.008,0.025,-0.194
1.003,0.026000000000000002,-0.199
1.0,0.020999999999999998,-0.197
1.003,0.027000000000000003,-0.193
1.003,0.027000000000000003,-0.189
1.001,0.028000000000000004,-0.196
1.0,0.026000000000000002,-0.199
1.004,0.028000000000000004,-0.197
1.0,0.03,-0.198
1.006,0.031,-0.20099999999999998
1.0070000000000001,0.025,-0.19
1.006,0.031,-0.193
1.004,0.028000000000000004,-0.195
1.001,0.027000000000000003,-0.196
1.0070000000000001,0.020999999999999998,-0.2
1.009,0.023,-0.191
1.004,0.026000000000000002,-0.189
1.0070000000000001,0.025,-0.202
1.002,0.026000000000000002,-0.192
1.011,0.025,-0.193
1.008,0.026000000000000002,-0.193
1.006,0.028000000000000004,-0.196
1.008,0.028999999999999998,-0.186
1.0050000000000001,0.028999999999999998,-0.198
1.009,0.028000000000000004,-0.183
1.0050000000000001,0.028999999999999998,-0.189
1.006,0.032,-0.192
1.0070000000000001,0.025,-0.197
1.001,0.022,-0.188
1.002,0.032,-0.191
1.0050000000000001,0.03,-0.187
1.003,0.027000000000000003,-0.198
1.004,0.028999999999999998,-0.202
1.001,0.028999999999999998,-0.20400000000000001
1.002,0.028000000000000004,-0.187
1.001,0.024,-0.189
1.0070000000000001,0.037,-0.194
1.0070000000000001,0.034,-0.193
1.0050000000000001,0.032,-0.2
0.994,0.064,-0.199
1.006,0.03,-0.197
1.011,0.028000000000000004,-0.20800000000000002
1.0070000000000001,0.025,-0.197
1.004,0.03,-0.194
1.001,0.032,-0.194
1.003,0.027000000000000003,-0.193
1.006,0.03,-0.202
1.002,0.028999999999999998,-0.193
1.001,0.031,-0.198
1.006,0.025,-0.197
1.003,0.031,-0.192
1.01,0.028000000000000004,-0.196
1.001,0.025,-0.191
1.0,0.027000000000000003,-0.198
1.0070000000000001,0.022,-0.194
1.006,0.028000000000000004,-0.192
1.0070000000000001,0.028000000000000004,-0.19
1.004,0.025,-0.184
1.009,0.028000000000000004,-0.193
1.0070000000000001,0.028000000000000004,-0.198
1.003,0.031,-0.187
1.0050000000000001,0.027000000000000003,-0.191
1.0070000000000001,0.028999999999999998,-0.195
1.001,0.031,-0.195
1.002,0.028999999999999998,-0.183
1.004,0.028000000000000004,-0.187
1.009,0.034999999999999996,-0.20099999999999998
1.009,0.03,-0.193
1.001,0.027000000000000003,-0.188
1.004,0.027000000000000003,-0.19
1.006,0.022,-0.19
1.002,0.031,-0.188
0.999,0.028000000000000004,-0.188
1.002,0.026000000000000002,-0.189
1.003,0.031,-0.196
1.002,0.025,-0.193
0.999,0.027000000000000003,-0.196
1.003,0.028999999999999998,-0.192
1.004,0.025,-0.195
1.006,0.023,-0.191
1.003,0.025,-0.19
1.011,0.028999999999999998,-0.189
1.011,0.026000000000000002,-0.185
1.008,0.03,-0.186
1.014,0.026000000000000002,-0.20099999999999998
1.0050000000000001,0.024,-0.2
1.0070000000000001,0.026000000000000002,-0.198
1.006,0.025,-0.196
1.002,0.028000000000000004,-0.194
1.0070000000000001,0.028999999999999998,-0.193
1.001,0.024,-0.192
1.002,0.022,-0.193
1.0050000000000001,0.025,-0.199
1.003,0.025,-0.20099999999999998
1.004,0.031,-0.20099999999999998
1.01,0.026000000000000002,-0.196
1.004,0.036,-0.197
1.0070000000000001,0.027000000000000003,-0.196
1.0050000000000001,0.023,-0.183
1.008,0.025,-0.194
1.0,0.024,-0.199
1.004,0.026000000000000002,-0.197
1.009,0.031,-0.198
1.0,0.025,-0.196
1.008,0.025,-0.2
1.001,0.027000000000000003,-0.197
1.0070000000000001,0.020999999999999998,-0.197
1.0050000000000001,0.027000000000000003,-0.195
1.0050000000000001,0.03,-0.192
1.002,0.026000000000000002,-0.193
1.003,0.028999999999999998,-0.202
1.004,0.022,-0.191
1.0,0.028000000000000004,-0.187
1.006,0.023,-0.197
1.0070000000000001,0.026000000000000002,-0.20800000000000002
1.0,0.026000000000000002,-0.192
1.008,0.022,-0.196
1.0070000000000001,0.028000000000000004,-0.197
1.0050000000000001,0.025,-0.2
1.003,0.025,-0.193
1.006,0.028000000000000004,-0.188
0.999,0.026000000000000002,-0.197
1.002,0.026000000000000002,-0.198
1.009,0.028999999999999998,-0.194
1.009,0.020999999999999998,-0.192
1.002,0.028000000000000004,-0.195
1.006,0.027000000000000003,-0.186
1.002,0.023,-0.20299999999999999
1.002,0.023,-0.198
1.008,0.027000000000000003,-0.198
1.003,0.02,-0.20400000000000001
1.003,0.028999999999999998,-0.192
1.009,0.031,-0.192
1.006,0.027000000000000003,-0.20099999999999998
0.998,0.022,-0.202
1.0050000000000001,0.027000000000000003,-0.195
1.003,0.027000000000000003,-0.193
1.0050000000000001,0.031,-0.199
1.0070000000000001,0.024,-0.20299999999999999
1.004,0.024,-0.189
1.006,0.028999999999999998,-0.20299999999999999
1.004,0.023,-0.19
1.004,0.028999999999999998,-0.195
1.001,0.034,-0.194
1.006,0.028999999999999998,-0.192
1.0,0.027000000000000003,-0.197
1.01,0.022,-0.195
1.0050000000000001,0.022,-0.189
1.0050000000000001,0.027000000000000003,-0.187
1.004,0.03,-0.192
1.0070000000000001,0.027000000000000003,-0.198
1.003,0.027000000000000003,-0.192
1.0050000000000001,0.027000000000000003,-0.192
1.0050000000000001,0.023,-0.196
1.003,0.024,-0.20299999999999999
1.006,0.023,-0.196
1.003,0.028000000000000004,-0.199
1.0050000000000001,0.027000000000000003,-0.194
1.003,0.028999999999999998,-0.193
1.006,0.028000000000000004,-0.189
1.004,0.028999999999999998,-0.20600000000000002
1.006,0.024,-0.192
1.001,0.022,-0.184
1.0070000000000001,0.032,-0.2
1.0070000000000001,0.025,-0.194
1.0070000000000001,0.027000000000000003,-0.199
1.009,0.026000000000000002,-0.2
1.01,0.025,-0.195
1.0070000000000001,0.022,-0.198
1.0050000000000001,0.027000000000000003,-0.197
1.008,0.028000000000000004,-0.199
1.006,0.025,-0.196
1.0050000000000001,0.027000000000000003,-0.202
1.0050000000000001,0.026000000000000002,-0.199
1.004,0.022,-0.195
1.0070000000000001,0.026000000000000002,-0.194
1.009,0.020999999999999998,-0.2
1.006,0.03,-0.193
1.002,0.022,-0.186
1.008,0.026000000000000002,-0.202
1.006,0.022,-0.202
1.004,0.031,-0.199
1.004,0.027000000000000003,-0.194
1.0050000000000001,0.028999999999999998,-0.202
1.0,0.028000000000000004,-0.20800000000000002
1.004,0.028000000000000004,-0.20400000000000001
1.0050000000000001,0.027000000000000003,-0.199
0.9960000000000001,0.032,-0.202
1.009,0.027000000000000003,-0.2
1.004,0.027000000000000003,-0.195
1.002,0.02,-0.198
1.001,0.025,-0.198
1.002,0.033,-0.199
1.006,0.026000000000000002,-0.195
1.006,0.025,-0.20099999999999998
1.0050000000000001,0.026000000000000002,-0.189
1.001,0.027000000000000003,-0.193
1.002,0.025,-0.19
1.008,0.028000000000000004,-0.194
1.001,0.023,-0.192
1.011,0.026000000000000002,-0.189
0.9960000000000001,0.034,-0.197
1.003,0.028000000000000004,-0.2
1.004,0.032,-0.202
1.001,0.031,-0.199
1.002,0.028999999999999998,-0.205
1.006,0.027000000000000003,-0.20099999999999998
1.012,0.028000000000000004,-0.197
1.004,0.025,-0.195
1.0150000000000001,0.012,-0.194
1.006,0.028000000000000004,-0.189
1.0050000000000001,0.026000000000000002,-0.20600000000000002
1.0050000000000001,0.026000000000000002,-0.197
1.003,0.028000000000000004,-0.196
1.0070000000000001,0.031,-0.20400000000000001
0.999,0.023,-0.191
1.004,0.026000000000000002,-0.192
0.998,0.034999999999999996,-0.192
1.003,0.028999999999999998,-0.188
1.009,0.024,-0.193
1.0,0.028999999999999998,-0.192
1.0050000000000001,0.025,-0.202
1.0050000000000001,0.028000000000000004,-0.194
1.0050000000000001,0.028000000000000004,-0.20099999999999998
1.0050000000000001,0.023,-0.2
1.0050000000000001,0.025,-0.197
1.0,0.027000000000000003,-0.205
1.002,0.020999999999999998,-0.209
1.006,0.019,-0.194
1.0,0.023,-0.193
1.001,0.027000000000000003,-0.2
1.0050000000000001,0.028000000000000004,-0.197
1.0070000000000001,0.025,-0.194
0.999,0.027000000000000003,-0.185
1.003,0.036,-0.197
1.002,0.028000000000000004,-0.194
1.0070000000000001,0.026000000000000002,-0.196
1.003,0.03,-0.197
1.003,0.023,-0.186
1.003,0.032,-0.195
1.0070000000000001,0.024,-0.198
1.001,0.03,-0.193
1.001,0.025,-0.198
1.008,0.031,-0.20099999999999998
1.004,0.018,-0.189
1.004,0.027000000000000003,-0.191
1.009,0.028999999999999998,-0.195
1.0070000000000001,0.022,-0.197
1.004,0.03,-0.198
1.006,0.025,-0.186
1.004,0.025,-0.195
1.0050000000000001,0.028999999999999998,-0.2
1.0130000000000001,0.023,-0.192
1.01,0.027000000000000003,-0.194
1.004,0.024,-0.2
0.999,0.024,-0.191
1.001,0.031,-0.20099999999999998
-0.962,-0.023,-0.146
-0.962,-0.023,-0.151
-0.962,-0.027000000000000003,-0.158
-0.961,-0.025,-0.156
-0.962,-0.028000000000000004,-0.147
-0.9640000000000001,-0.025,-0.146
-0.9560000000000001,-0.026000000000000002,-0.162
-0.96,-0.020999999999999998,-0.151
-0.96,-0.032,-0.151
-0.9630000000000001,-0.024,-0.161
-0.96,-0.026000000000000002,-0.146
-0.9630000000000001,-0.026000000000000002,-0.145
-0.9550000000000001,-0.03,-0.153
-0.958,-0.031,-0.146
-0.958,-0.025,-0.15
-0.961,-0.028999999999999998,-0.153
-0.9640000000000001,-0.031,-0.153
-0.962,-0.025,-0.15
-0.9640000000000001,-0.025,-0.151
-0.9630000000000001,-0.028999999999999998,-0.146
-0.962,-0.028999999999999998,-0.153
-0.958,-0.033,-0.16
-0.9550000000000001,-0.025,-0.16299999999999998
-0.961,-0.025,-0.149
-0.962,-0.027000000000000003,-0.152
-0.9630000000000001,-0.025,-0.149
-0.962,-0.022,-0.147
-0.959,-0.017,-0.151
-0.969,-0.03,-0.15
-0.9640000000000001,-0.032,-0.154
-0.967,-0.020999999999999998,-0.155
-0.967,-0.032,-0.155
-0.9650000000000001,-0.027000000000000003,-0.16
-0.966,-0.027000000000000003,-0.157
-0.9650000000000001,-0.027000000000000003,-0.148
-0.958,-0.018,-0.151
-0.9650000000000001,-0.025,-0.157
-0.9650000000000001,-0.025,-0.15
-0.9570000000000001,-0.027000000000000003,-0.153
-0.9650000000000001,-0.028000000000000004,-0.153
-0.966,-0.026000000000000002,-0.15
-0.961,-0.027000000000000003,-0.155
-0.962,-0.023,-0.153
-0.961,-0.028000000000000004,-0.152
-0.9640000000000001,-0.028000000000000004,-0.149
-0.96,-0.027000000000000003,-0.158
-0.961,-0.033,-0.154
-0.959,-0.03,-0.147
-0.961,-0.025,-0.145
-0.962,-0.032,-0.153
-0.961,-0.022,-0.145
-0.966,-0.023,-0.156
-0.9650000000000001,-0.031,-0.144
-0.967,-0.027000000000000003,-0.156
-0.9650000000000001,-0.024,-0.158
-0.962,-0.028000000000000004,-0.13899999999999998
-0.959,-0.025,-0.144
-0.959,-0.025,-0.146
-0.961,-0.028999999999999998,-0.157
-0.9650000000000001,-0.031,-0.156
-0.962,-0.025,-0.148
-0.967,-0.026000000000000002,-0.16
-0.962,-0.023,-0.157
-0.959,-0.028000000000000004,-0.144
-0.9650000000000001,-0.023,-0.149
-0.962,-0.019,-0.13999999999999999
-0.96,-0.024,-0.137
-0.96,-0.03,-0.151
-0.96,-0.031,-0.144
-0.9640000000000001,-0.028999999999999998,-0.157
-0.9630000000000001,-0.027000000000000003,-0.161
-0.9710000000000001,-0.032,-0.151
-0.967,-0.026000000000000002,-0.162
-0.959,-0.027000000000000003,-0.152
-0.966,-0.028000000000000004,-0.147
-0.9570000000000001,-0.027000000000000003,-0.151
-0.962,-0.028000000000000004,-0.15
-0.966,-0.028000000000000004,-0.152
-0.962,-0.025,-0.157
-0.962,-0.026000000000000002,-0.147
-0.962,-0.023,-0.156
-0.9550000000000001,-0.025,-0.156
-0.9630000000000001,-0.019,-0.152
-0.9560000000000001,-0.027000000000000003,-0.145
-0.958,-0.034,-0.15
-0.9640000000000001,-0.020999999999999998,-0.145
-0.966,-0.023,-0.147
-0.958,-0.028000000000000004,-0.147
-0.96,-0.031,-0.155
-0.9650000000000001,-0.025,-0.15
-0.9570000000000001,-0.027000000000000003,-0.143
-0.9650000000000001,-0.027000000000000003,-0.152
-0.962,-0.026000000000000002,-0.153
-0.9650000000000001,-0.023,-0.15
-0.958,-0.023,-0.154
-0.96,-0.03,-0.148
-0.9560000000000001,-0.022,-0.144
-0.96,-0.022,-0.152
-0.9570000000000001,-0.024,-0.145
-0.961,-0.028999999999999998,-0.151
-0.966,-0.03,-0.152
-0.961,-0.028999999999999998,-0.15
-0.966,-0.028000000000000004,-0.149
-0.966,-0.026000000000000002,-0.146
-0.962,-0.027000000000000003,-0.151
-0.961,-0.027000000000000003,-0.148
-0.962,-0.025,-0.154
-0.96,-0.025,-0.152
-0.9650000000000001,-0.023,-0.149
-0.96,-0.032,-0.149
-0.969,-0.023,-0.152
-0.9560000000000001,-0.032,-0.149
-0.953,-0.028000000000000004,-0.152
-0.962,-0.019,-0.146
-0.962,-0.020999999999999998,-0.15
-0.962,-0.028000000000000004,-0.162
-0.9630000000000001,-0.023,-0.151
-0.962,-0.026000000000000002,-0.151
-0.9550000000000001,-0.027000000000000003,-0.144
-0.96,-0.031,-0.149
-0.962,-0.03,-0.149
-0.959,-0.032,-0.151
-0.962,-0.022,-0.144
-0.967,-0.028999999999999998,-0.157
-0.96,-0.024,-0.157
-0.958,-0.027000000000000003,-0.146
-0.962,-0.024,-0.157
-0.962,-0.022,-0.148
-0.9570000000000001,-0.023,-0.157
-0.961,-0.02,-0.152
-0.961,-0.031,-0.151
-0.9630000000000001,-0.03,-0.149
-0.959,-0.028999999999999998,-0.148
-0.9630000000000001,-0.024,-0.145
-0.961,-0.026000000000000002,-0.153
-0.96,-0.026000000000000002,-0.146
-0.962,-0.028999999999999998,-0.153
-0.9650000000000001,-0.02,-0.152
-0.9630000000000001,-0.028999999999999998,-0.155
-0.9630000000000001,-0.032,-0.145
-0.9630000000000001,-0.024,-0.144
-0.959,-0.024,-0.153
-0.962,-0.023,-0.148
-0.967,-0.026000000000000002,-0.155
-0.962,-0.022,-0.146
-0.9570000000000001,-0.026000000000000002,-0.13899999999999998
-0.962,-0.02,-0.145
-0.966,-0.028000000000000004,-0.13999999999999999
-0.962,-0.027000000000000003,-0.143
-0.967,-0.027000000000000003,-0.145
-0.9630000000000001,-0.03,-0.13899999999999998
-0.96,-0.034999999999999996,-0.153
-0.969,-0.025,-0.147
-0.969,-0.028000000000000004,-0.161
-0.9630000000000001,-0.028000000000000004,-0.15
-0.959,-0.028000000000000004,-0.151
-0.96,-0.028000000000000004,-0.149
-0.966,-0.023,-0.151
-0.962,-0.024,-0.152
-0.959,-0.028000000000000004,-0.157
-0.962,-0.027000000000000003,-0.141
-0.962,-0.028000000000000004,-0.13999999999999999
-0.969,-0.025,-0.153
-0.961,-0.028000000000000004,-0.158
-0.966,-0.023,-0.158
-0.96,-0.028999999999999998,-0.153
-0.959,-0.026000000000000002,-0.151
-0.961,-0.028999999999999998,-0.146
-0.967,-0.028999999999999998,-0.155
-0.962,-0.025,-0.16
-0.962,-0.028999999999999998,-0.158
-0.959,-0.025,-0.147
-0.961,-0.026000000000000002,-0.16
-0.958,-0.028000000000000004,-0.153
-0.958,-0.027000000000000003,-0.148
-0.959,-0.028000000000000004,-0.153
-0.962,-0.026000000000000002,-0.156
-0.961,-0.020999999999999998,-0.149
-0.958,-0.028000000000000004,-0.155
-0.9560000000000001,-0.023,-0.15
-0.966,-0.024,-0.154
-0.9570000000000001,-0.027000000000000003,-0.153
-0.966,-0.023,-0.149
-0.97,-0.027000000000000003,-0.155
-0.959,-0.023,-0.158
-0.9640000000000001,-0.028000000000000004,-0.153
-0.962,-0.022,-0.158
-0.9570000000000001,-0.025,-0.152
-0.961,-0.026000000000000002,-0.153
-0.961,-0.024,-0.158
-0.962,-0.026000000000000002,-0.153
-0.9630000000000001,-0.027000000000000003,-0.158
-0.961,-0.026000000000000002,-0.145
-0.958,-0.025,-0.157
-0.96,-0.024,-0.151
-0.9650000000000001,-0.031,-0.148
-0.9630000000000001,-0.022,-0.157
-0.9630000000000001,-0.03,-0.157
-0.962,-0.023,-0.153
-0.96,-0.027000000000000003,-0.154
-0.962,-0.028000000000000004,-0.154
-0.9710000000000001,-0.024,-0.147
-0.96,-0.024,-0.145
-0.9570000000000001,-0.028000000000000004,-0.153
-0.9570000000000001,-0.025,-0.15
-0.959,-0.025,-0.154
-0.9640000000000001,-0.027000000000000003,-0.153
-0.96,-0.03,-0.153
-0.9650000000000001,-0.03,-0.151
-0.967,-0.026000000000000002,-0.156
-0.961,-0.028999999999999998,-0.153
-0.967,-0.026000000000000002,-0.149
-0.96,-0.023,-0.155
-0.9650000000000001,-0.026000000000000002,-0.13899999999999998
-0.966,-0.024,-0.152
-0.96,-0.028000000000000004,-0.15
-0.9550000000000001,-0.024,-0.155
-0.966,-0.025,-0.15
-0.961,-0.028000000000000004,-0.157
-0.9570000000000001,-0.028000000000000004,-0.159
-0.967,-0.025,-0.158
-0.961,-0.026000000000000002,-0.153
-0.9630000000000001,-0.019,-0.154
-0.96,-0.023,-0.151
-0.958,-0.028000000000000004,-0.15
-0.962,-0.027000000000000003,-0.148
-0.9630000000000001,-0.022,-0.162
-0.9650000000000001,-0.028999999999999998,-0.153
-0.9570000000000001,-0.022,-0.159
-0.962,-0.031,-0.159
-0.966,-0.024,-0.162
-0.97,-0.025,-0.156
-0.959,-0.023,-0.152
-0.9630000000000001,-0.028999999999999998,-0.155
-0.962,-0.025,-0.148
-0.962,-0.03,-0.158
-0.9650000000000001,-0.028999999999999998,-0.155
-0.961,-0.028000000000000004,-0.144
-0.9640000000000001,-0.02,-0.156
-0.961,-0.028000000000000004,-0.15
-0.966,-0.028999999999999998,-0.153
-0.9630000000000001,-0.03,-0.152
-0.9640000000000001,-0.028000000000000004,-0.153
-0.9630000000000001,-0.027000000000000003,-0.153
-0.961,-0.028999999999999998,-0.159
-0.967,-0.024,-0.158
-0.9630000000000001,-0.032,-0.152
-0.959,-0.026000000000000002,-0.156
-0.96,-0.028999999999999998,-0.153
-0.9640000000000001,-0.03,-0.156
-0.9630000000000001,-0.026000000000000002,-0.159
-0.958,-0.026000000000000002,-0.153
-0.966,-0.025,-0.154
-0.966,-0.027000000000000003,-0.159
-0.962,-0.032,-0.157
-0.954,-0.028999999999999998,-0.158
-0.96,-0.025,-0.155
-0.9630000000000001,-0.026000000000000002,-0.16
-0.961,-0.025,-0.156
-0.962,-0.028999999999999998,-0.156
-0.9640000000000001,-0.028000000000000004,-0.155
-0.968,-0.024,-0.156
-0.962,-0.023,-0.153
-0.962,-0.028999999999999998,-0.154
-0.9630000000000001,-0.024,-0.155
-0.966,-0.024,-0.156
-0.961,-0.028999999999999998,-0.157
-0.961,-0.023,-0.148
-0.967,-0.028000000000000004,-0.148
-0.9640000000000001,-0.03,-0.158
-0.962,-0.026000000000000002,-0.156
-0.9650000000000001,-0.024,-0.156
-0.9630000000000001,-0.020999999999999998,-0.158
-0.9650000000000001,-0.020999999999999998,-0.162
-0.9560000000000001,-0.027000000000000003,-0.154
-0.96,-0.026000000000000002,-0.153
-0.9640000000000001,-0.028000000000000004,-0.161
-0.959,-0.027000000000000003,-0.156
-0.961,-0.025,-0.142
-0.959,-0.027000000000000003,-0.158
-0.968,-0.033,-0.158
-0.9650000000000001,-0.028000000000000004,-0.159
-0.959,-0.024,-0.156
-0.958,-0.027000000000000003,-0.152
-0.9640000000000001,-0.032,-0.158
-0.9560000000000001,-0.025,-0.155
-0.9630000000000001,-0.024,-0.162
-0.959,-0.025,-0.16399999999999998
-0.962,-0.025,-0.158
-0.96,-0.023,-0.158
-0.961,-0.027000000000000003,-0.16299999999999998
-0.961,-0.027000000000000003,-0.159
-0.9650000000000001,-0.025,-0.16
-0.97,-0.028999999999999998,-0.157
-0.966,-0.025,-0.159
-0.9720000000000001,-0.023,-0.162
-0.9640000000000001,-0.024,-0.161
-0.9630000000000001,-0.028999999999999998,-0.155
-0.96,-0.033,-0.16799999999999998
-0.9650000000000001,-0.022,-0.159
